angry,surprise,fear,neutral,happy,disgust,sad
0.3723975155279504,0.04903105590062114,0.1149192546583852,0.1852049689440996,0.11655900621118026,0.004124223602484465,0.15670807453416166
