angry,neutral,happy,fear,sad,surprise,disgust
0.33714285714285713,0.17309523809523802,0.17476190476190465,0.1479761904761904,0.12440476190476181,0.024642857142857147,0.01678571428571429
