angry,surprise,fear,neutral,happy,disgust,sad
0.33714285714285713,0.024642857142857147,0.1479761904761904,0.17309523809523802,0.17476190476190465,0.01678571428571429,0.12440476190476181
