angry,disgust,fear,happy,neutral,sad,surprise
0.37891440501043844,0.018018018018018018,0.138671875,0.636978579481398,0.46958637469586373,0.22614274258219727,0.3862815884476534
