angry,disgust,fear,happy,neutral,sad,surprise
0.4509316770186335,0.023809523809523808,0.1748768472906404,0.7371167645140247,0.5249320036264733,0.2934443288241415,0.4546742209631728
