angry,disgust,fear,happy,neutral,sad,surprise
0.15970772442588727,0.24324324324324326,0.20703125,0.1358511837655017,0.10543390105433902,0.2293504410585405,0.15042117930204574
