angry,surprise,fear,neutral,happy,disgust,sad
0.20488916256157647,0.08900246305418724,0.17660098522167472,0.21901477832512284,0.12540640394088695,0.001773399014778326,0.18229064039408877
