angry,surprise,fear,neutral,happy,disgust,sad
0.09208088714938059,0.04935420743639932,0.04269406392694066,0.12127853881278534,0.6398173515981749,0.0008088714938030009,0.051976516634051
