angry,surprise,fear,neutral,happy,disgust,sad
0.13707162284678165,0.032012692656391735,0.0988848594741616,0.40258386219401643,0.13998186763372641,0.0011151405258386224,0.1875611967361744
