angry,surprise,fear,neutral,happy,disgust,sad
0.1720603537981272,0.029125910509885628,0.12234131113423517,0.29035379812695133,0.12155046826222711,0.003277835587929233,0.2600104058272634
