angry,neutral,happy,fear,sad,surprise,disgust
0.11660056657223804,0.16457507082152995,0.07389518413597743,0.19172804532577906,0.07729461756373937,0.37402266288951835,0.0004107648725212465
