angry,neutral,surprise,disgust,happy,fear,sad
41.566798372037894,14.50960010791827,2.909285256915939,1.645055267093193,7.123567198669895,15.366602074173434,16.87909212364398
