angry,neutral,surprise,disgust,happy,fear,sad
22.958648934979497,5.10112049162915,0.5603868435152011,43.3331747582593,2.930091210861142,14.890189387868187,10.22638858954723
