angry,disgust,fear,happy,neutral,sad,surprise
0.42693110647181626,0.45045045045045046,0.419921875,0.758173618940248,0.5401459854014599,0.41780272654370487,0.703971119133574
