angry,neutral,surprise,disgust,happy,fear,sad
10.071655483973512,14.409348558456937,8.42928515297324,0.5914025377066682,6.098032664498265,40.71388103807338,19.68639520344754
