angry,neutral,surprise,disgust,happy,fear,sad
3.4136199019748603,8.842858933652316,1.9509065976470246,0.1958776640366441,74.68188784449661,5.8349566062750835,5.07989306576218
