angry,neutral,surprise,disgust,happy,fear,sad
8.141267172575132,50.3956161558756,1.8593251777494684,0.2514732015221708,9.634383936935068,11.536436710811062,18.18149802745064
