angry,neutral,surprise,disgust,happy,fear,sad
10.843987853883606,20.67418156077874,1.7172465285725502,0.6488428924275609,8.648865556339231,17.305847770927606,40.16102845182538
