angry,neutral,surprise,disgust,happy,fear,sad
2.996911277481819,6.391367264497427,67.50295108060068,0.19290801107571312,5.55203700003624,13.942050137848758,3.4217761783262017
