,angry,disgust,fear,happy,neutral,sad,surprise
Accuracy,0.15682678,0.021368368,0.12655449,0.4507043,0.2005107,0.23923123,0.15875416
