,angry,disgust,fear,happy,neutral,sad,surprise
Accuracy,0.17727478,0.018215692,0.15815477,0.45030674,0.19885376,0.21637344,0.27809963
